{"cameraMode":{"drawMode":0,"name":"Shaded","section":"Shading Mode"},"sceneLighting":true,"audioPlay":false,"sceneViewState":{"showFog":true,"showMaterialUpdate":false,"showSkybox":true,"showFlares":true,"showImageEffects":true,"showParticleSystems":true},"in2DMode":false,"pivot":{"x":22.829999923706056,"y":14.800000190734864,"z":0.0},"rotation":{"x":0.00015267214621417224,"y":0.9948030710220337,"z":-0.10182327032089234,"w":0.0014921643305569888},"size":1.4660253524780274,"orthographic":false}